normalized_name,source,pk,code,original_name,energia_kcal,proteina_g,carbs_g,fat_g,fiber_g,fooditem_refs,foodsubstitution_as_original,foodsubstitution_as_substitute,foodsubstitutionrule_as_original,foodsubstitutionrule_as_substitute,nutritionist_favorite_count,ibge_taco_ref,ibge_tbca_ref,ibge_usda_ref
acai polpa com xarope de guarana e glucose,TACO,167,167,"Açaí, polpa, com xarope de guaraná e glucose",110.29759,0.720833333333333,21.4551666666667,3.66033333333333,1.72333333333333,0,0,0,18,15,0,,,
acai polpa com xarope de guarana e glucose,TBCA,758,C0095C,"Açaí, polpa, com xarope de guaraná e glucose,",118.0,0.72,0.0,3.66,1.72,0,0,0,0,0,0,,,
acaraje,TACO,525,525,Acarajé,289.211666666667,8.34583333333334,19.1138333333333,19.9303333333333,9.35833333333333,0,0,0,0,0,0,,,
acaraje,IBGE,8122,8500209,Acarajé,,,,,,0,0,0,0,0,0,,,
acelga crua,TACO,74,74,"Acelga, crua",20.9423424999999,1.44375,4.63091666666666,0.106,1.122,0,0,0,1,0,0,,,
acelga crua,TBCA,4072,C0007B,"Acelga, crua,",23.0,1.44,0.0,0.11,1.12,0,0,0,0,0,0,,,
acucar cristal,TACO,492,492,"Açúcar, cristal",386.845724,0.32,99.61,0.0,0.0,0,0,0,0,0,0,,,
acucar cristal,TBCA,4938,C0005K,"Açúcar, cristal,",400.0,0.32,0.0,0.0,0.0,0,0,0,0,0,0,,,
acucar mascavo,TACO,493,493,"Açúcar, mascavo",368.554822524389,0.758333333333333,94.45,0.092,0.0,0,0,0,0,0,0,,,
acucar mascavo,TBCA,3749,C0006K,"Açúcar, mascavo,",382.0,0.76,0.0,0.09,0.0,0,0,0,0,0,0,,,
acucar mascavo,IBGE,2416,6900304,Açúcar mascavo,,,,,,0,0,0,0,0,0,,,
ameixa em calda enlatada drenada,TACO,173,173,"Ameixa, em calda, enlatada, drenada",177.359185315371,1.025,47.658,0.280333333333333,4.54666666666667,0,0,0,0,0,0,,,
ameixa em calda enlatada drenada,TBCA,708,C0186C,"Ameixa, em calda, enlatada, drenada,",188.0,0.41,0.0,0.0,0.52,0,0,0,0,0,0,,,
apresuntado,TACO,323,323,Apresuntado,128.857255812009,13.45,2.862,6.69066666666667,0.0,0,0,0,0,0,0,,,
apresuntado,IBGE,7196,8103601,Apresuntado,,,,,,0,0,0,0,0,0,,,
banana doce em barra,TACO,176,176,"Banana, doce em barra",280.105192550639,2.16875,75.6665833333333,0.05,3.83333333333333,0,0,0,0,0,0,,,
banana doce em barra,TBCA,3202,C0094C,"Banana, doce, em barra,",304.0,2.17,0.0,0.05,3.83,0,0,0,0,0,0,,,
biscoito doce maisena,TACO,8,8,"Biscoito, doce, maisena",442.819390144928,8.07252173913043,75.2341449275362,11.9666666666667,2.1,0,0,0,3,0,0,,,
biscoito doce maisena,TBCA,2573,C0200A,"Biscoito, doce, maisena,",437.0,8.07,0.0,12.0,2.1,0,0,0,0,0,0,,,
biscoito salgado cream cracker,TACO,13,13,"Biscoito, salgado, cream cracker",431.73228115942,10.0551304347826,68.7315362318841,14.4366666666667,2.51,0,0,0,3,0,0,,,
biscoito salgado cream cracker,TBCA,2789,C0201A,"Biscoito, salgado, cream cracker,",440.0,11.1,0.0,13.8,2.67,0,0,0,0,0,0,,,
brocolis cru,TACO,101,101,"Brócolis, cru",25.495131884058,3.64492753623188,4.02507246376812,0.266666666666667,2.88,0,0,0,0,0,0,,,
brocolis cru,USDA,34,169389,"Brócolis, cru",34.0,2.8,6.6,0.4,2.6,0,0,0,0,0,0,,,
caja polpa congelada,TACO,185,185,"Cajá, polpa, congelada",26.3322693110506,0.589583333333333,6.37441666666666,0.167666666666667,1.36,0,0,0,0,0,0,,,
caja polpa congelada,TBCA,5227,C0073C,"Cajá, polpa, congelada,",27.0,0.59,0.0,0.17,1.36,0,0,0,0,0,0,,,
caju polpa congelada,TACO,187,187,"Caju, polpa, congelada",36.56868,0.48125,9.35074999999999,0.154,0.814666666666667,0,0,0,0,0,0,,,
caju polpa congelada,TBCA,4873,C0051C,"Caju, polpa, congelada,",39.0,0.48,0.0,0.15,0.81,0,0,0,0,0,0,,,
caju suco concentrado envasado,TACO,188,188,"Caju, suco concentrado, envasado",45.1086266666667,0.404166666666667,10.7338333333333,0.2,0.626,0,0,0,0,0,0,,,
caju suco concentrado envasado,TBCA,2590,C0050C,"Caju, suco, concentrado, envasado,",45.0,0.4,0.0,0.2,0.63,0,0,0,0,0,0,,,
cereal matinal milho,TACO,25,25,"Cereal matinal, milho",365.354163768116,7.15579710144928,83.8242028985507,0.956666666666667,4.11666666666667,0,0,0,0,0,0,,,
cereal matinal milho,TBCA,5,C0100A,"Cereal matinal, milho,",364.0,7.16,0.0,0.96,4.12,0,0,0,0,0,0,,,
chocolate ao leite dietetico,TACO,497,497,"Chocolate, ao leite, dietético",556.824333333333,6.89791666666667,56.3234166666667,33.771,2.84666666666667,0,0,0,0,0,0,,,
chocolate ao leite dietetico,TBCA,203,C0001N,"Chocolate, ao leite, dietético,",557.0,6.9,0.0,33.8,2.85,0,0,0,0,0,0,,,
chocolate meio amargo,TACO,498,498,"Chocolate, meio amargo",474.917769973274,4.86244343217214,62.4228899011612,29.8566666666667,4.94366666666667,0,0,0,0,0,0,,,
chocolate meio amargo,TBCA,3319,C0054K,"Chocolate, meio amargo,",538.0,4.86,0.0,29.9,4.94,0,0,0,0,0,0,,,
cocada branca,TACO,499,499,Cocada branca,448.84545242331,1.12183337370555,81.3831666262945,13.587,3.569,0,0,0,0,0,0,,,
cocada branca,TBCA,134,C0012K,"Cocada, branca,",445.0,1.12,0.0,13.6,3.57,0,0,0,0,0,0,,,
creme de leite,TACO,447,447,Creme de Leite,221.483541275133,1.50780669371287,4.50952663962046,22.4793333333333,0.0,0,0,0,0,0,0,,,
creme de leite,IBGE,5952,7901001,Creme de leite,,,,,,0,0,0,0,0,0,,,
cupuacu polpa congelada,TACO,193,193,"Cupuaçu, polpa, congelada",48.79689,0.84375,11.3869166666667,0.593666666666667,1.591,0,0,0,0,0,0,,,
cupuacu polpa congelada,TBCA,5323,C0076C,"Cupuaçu, polpa, congelada,",51.0,0.84,0.0,0.59,1.59,0,0,0,0,0,0,,,
cuscuz paulista,TACO,534,534,"Cuscuz, paulista",142.123,2.55833333333333,22.5136666666667,4.64833333333333,2.43266666666667,0,0,0,0,0,0,,,
cuscuz paulista,IBGE,8962,8505801,Cuscuz paulista,,,,,,0,0,0,0,0,0,,,
empada de frango pre cozida assada,TACO,389,389,"Empada de frango, pré-cozida, assada",358.191666666667,6.94375,47.4929166666667,15.605,2.16433333333333,0,0,0,0,0,0,,,
empada de frango pre cozida assada,TBCA,4438,C0101F,"Empada de frango, pré-cozida, assada,",358.0,6.94,0.0,15.6,,0,0,0,0,0,0,,,
empada de frango pre cozida,TACO,390,390,"Empada, de frango, pré-cozida",377.479666666667,7.34375,35.5289166666667,22.8876666666667,2.22033333333333,0,0,0,0,4,0,,,
empada de frango pre cozida,TBCA,4980,C0102F,"Empada de frango, pré-cozida,",377.0,7.34,0.0,22.9,,0,0,0,0,0,0,,,
ervilha em vagem,TACO,559,559,"Ervilha, em vagem",88.0935819997785,7.45208333333333,14.2275833333333,0.471,9.721,0,0,0,0,0,0,,,
ervilha em vagem,IBGE,1791,6705501,Ervilha em vagem,,,,,,0,0,0,0,0,0,,,
feijoada,TACO,540,540,Feijoada,116.933457311034,8.67083333333333,11.6418333333333,6.47733333333333,5.09,0,0,0,0,0,0,,,
feijoada,IBGE,4949,7701901,Feijoada,,,,,,0,0,0,0,0,0,,,
fermento biologico levedura tablete,TACO,514,514,"Fermento, biológico, levedura, tablete",89.7948670305889,16.9569994783401,7.69866718832652,1.51766666666667,4.16566666666667,0,0,0,0,0,0,,,
fermento biologico levedura tablete,TBCA,4396,C0007L,"Fermento, biológico, levedura, tablete,",104.0,17.0,0.0,1.52,4.17,0,0,0,0,0,0,,,
geleia mocoto natural,TACO,502,502,"Geléia, mocotó, natural",106.086666666667,2.125,24.2316666666667,0.073333333333333,0.0,0,0,0,0,0,0,,,
geleia mocoto natural,TBCA,2372,C0023K,"Geleia, mocotó, natural,",106.0,2.13,0.0,0.07,0.0,0,0,0,0,0,0,,,
goiaba doce em pasta,TACO,198,198,"Goiaba, doce em pasta",268.959826086957,0.579710144927536,74.1236231884058,0.0,3.73333333333333,0,0,0,0,0,0,,,
goiaba doce em pasta,TBCA,4101,C0096C,"Goiaba, doce, em pasta,",291.0,0.58,0.0,0.0,3.73,0,0,0,0,0,0,,,
goiaba doce cascao,TACO,199,199,"Goiaba, doce, cascão",285.587792439004,0.414583333333333,78.70275,0.103333333333333,4.36666666666667,0,0,0,0,0,0,,,
goiaba doce cascao,TBCA,1407,C0097C,"Goiaba, doce, cascão,",309.0,0.41,0.0,0.1,4.37,0,0,0,0,0,0,,,
graviola polpa congelada,TACO,202,202,"Graviola, polpa, congelada",38.27387,0.566666666666667,9.78266666666666,0.137666666666667,1.18766666666667,0,0,0,0,0,0,,,
graviola polpa congelada,TBCA,4238,C0078C,"Graviola, polpa, congelada,",40.0,0.57,0.0,0.14,1.19,0,0,0,0,0,0,,,
hamburguer bovino cru,TACO,415,415,"Hambúrguer, bovino, cru",214.836,13.15625,4.15375,16.1773333333333,0.0,0,0,0,0,0,0,,,
hamburguer bovino cru,TBCA,4811,C0177F,"Hambúrguer, bovino, cru,",187.0,14.5,0.0,12.6,,0,0,0,0,0,0,,,
iogurte natural,TACO,448,448,"Iogurte, natural",51.4895333333333,4.06333333333333,1.91666666666666,3.04,0.0,0,0,0,0,0,0,,,
iogurte natural,IBGE,5998,7901204,Iogurte natural,,,,,,0,0,0,0,0,0,,,
iogurte natural desnatado,TACO,449,449,"Iogurte, natural, desnatado",41.4927112815583,3.83438006877899,5.77395333333333,0.315666666666667,0.0,0,0,0,0,0,0,,,
iogurte natural desnatado,TBCA,4301,C0022G,"Iogurte, natural, desnatado,",48.0,4.04,0.0,0.42,0.0,0,0,0,0,0,0,,,
leite condensado,TACO,453,453,"Leite, condensado",312.5726,7.67,56.9966666666667,6.74,0.0,0,0,0,0,0,0,,,
leite condensado,IBGE,5935,7900901,Leite condensado,,,,,,0,0,0,0,0,0,,,
leite de cabra,TACO,454,454,"Leite, de cabra",66.4157418865433,3.0709067217509,5.24609333333333,3.75433333333333,0.0,0,0,0,0,0,0,,,
leite de cabra,IBGE,5887,7900301,Leite de cabra,,,,,,0,0,0,0,0,0,,,
leite de coco,TACO,523,523,"Leite, de coco",166.160301615546,1.0140667031606,2.19459996350605,18.3643333333333,0.683666666666667,0,0,0,0,0,0,,,
leite de coco,IBGE,3304,7003801,Leite de coco,,,,,,0,0,0,0,0,0,,,
leite de vaca integral,TACO,458,458,"Leite, de vaca, integral",0.0,0.0,0.0,0.0,0.0,0,0,0,0,0,0,,,
leite de vaca integral,IBGE,5850,7900101,Leite de vaca integral,,,,,,0,0,0,0,0,0,,,
leite fermentado,TACO,460,460,"Leite, fermentado",69.621474,1.89486,15.6744733333333,0.099,0.0,0,0,0,0,0,0,,,
leite fermentado,IBGE,6022,7901304,Leite fermentado,,,,,,0,0,0,0,0,0,,,
linguica frango crua,TACO,418,418,"Lingüiça, frango, crua",218.108814166667,14.2395833333333,0.0,17.4396666666667,0.0,0,0,0,0,0,0,,,
linguica frango crua,TBCA,1271,C0185F,"Linguiça, frango, crua,",193.0,16.2,0.0,14.0,,0,0,0,0,0,0,,,
linguica frango grelhada,TACO,420,420,"Lingüiça, frango, grelhada",243.6585675,18.1895833333333,0.0,18.4023333333333,0.0,0,0,0,0,0,0,,,
linguica frango grelhada,TBCA,4605,C0188F,"Linguiça, frango, grelhada,",242.0,18.2,0.0,18.4,,0,0,0,0,0,0,,,
linguica porco grelhada,TACO,423,423,"Lingüiça, porco, grelhada",296.489609166667,23.16875,0.0,21.9023333333333,0.0,0,0,0,0,0,0,,,
linguica porco grelhada,TBCA,1289,C0189F,"Linguiça, porco, grelhada,",292.0,23.2,0.0,21.9,,0,0,0,0,0,0,,,
macarrao instantaneo,TACO,39,39,"Macarrão, instantâneo",435.864780533333,8.79168,62.4316533333333,17.2366666666667,5.61,0,0,0,0,0,0,,,
macarrao instantaneo,IBGE,798,6504802,Macarrão instântaneo,,,,,,0,0,0,0,0,0,,,
mamao verde doce em calda drenado,TACO,227,227,"Mamão verde, doce em calda, drenado",209.376254458904,0.316666666666667,57.6366666666667,0.098,1.23333333333333,0,0,0,0,0,0,,,
mamao verde doce em calda drenado,TBCA,1917,C0099C,"Mamão, verde, doce, em calda, drenado,",230.0,0.32,0.0,0.1,1.23,0,0,0,0,0,0,,,
mamao doce em calda drenado,TACO,224,224,"Mamão, doce em calda, drenado",195.627474821786,0.19375,54.0035833333333,0.067333333333333,1.31333333333333,0,0,0,0,0,0,,,
mamao doce em calda drenado,TBCA,3098,C0098C,"Mamão, doce, em calda, drenado,",215.0,0.19,0.0,0.07,1.31,0,0,0,0,0,0,,,
manicoba,TACO,543,543,Maniçoba,134.222893400987,9.95833333333333,3.41933333333333,8.69933333333333,2.16,0,0,0,0,0,0,,,
manicoba,IBGE,9027,8507201,Maniçoba,,,,,,0,0,0,0,0,0,,,
maracuja polpa congelada,TACO,233,233,"Maracujá, polpa, congelada",38.7597,0.8125,9.59749999999999,0.176666666666667,0.506,0,0,0,0,0,0,,,
maracuja polpa congelada,TBCA,687,C0082C,"Maracujá, polpa, congelada,",42.0,0.81,0.0,0.18,0.51,0,0,0,0,0,0,,,
maracuja suco concentrado envasado,TACO,234,234,"Maracujá, suco concentrado, envasado",41.96732,0.766666666666667,9.63599999999999,0.193333333333333,0.353666666666667,0,0,0,0,0,0,,,
maracuja suco concentrado envasado,TBCA,3892,C0083C,"Maracujá, suco, concentrado, envasado,",43.0,0.77,0.0,0.19,0.35,0,0,0,0,0,0,,,
maria mole,TACO,468,468,Maria mole,256.578148666667,9.62954666666667,2.43245333333333,23.441,0.0,0,0,0,0,0,0,,,
maria mole,TACO,504,504,Maria mole,301.235887537,3.81285013103485,73.5534832022985,0.19,0.666666666666667,0,0,0,0,0,0,,,
maria mole,IBGE,2813,6903001,Maria mole,,,,,,0,0,0,0,0,0,,,
maria mole coco queimado,TACO,505,505,"Maria mole, coco queimado",306.631896997019,3.93495013523102,75.0593831981023,0.089333333333333,0.636666666666667,0,0,0,0,0,0,,,
maria mole coco queimado,TBCA,3708,C0026K,"Maria mole, coco queimado,",316.0,3.93,0.0,0.09,0.64,0,0,0,0,0,0,,,
marmelada,TACO,506,506,Marmelada,257.241473193804,0.4,70.7633333333333,0.137333333333333,4.07,0,0,0,0,0,0,,,
marmelada,TBCA,2711,C0027K,"Marmelada,",278.0,0.4,0.0,0.14,4.07,0,0,0,0,0,0,,,
marmelada,IBGE,2624,6901206,Marmelada,,,,,,0,0,0,0,0,0,,,
melado,TACO,508,508,Melado,296.506491231918,0.0,76.6166666666667,0.0,0.0,0,0,0,0,0,0,,,
melado,IBGE,2699,6901501,Melado,,,,,,0,0,0,0,0,0,,,
mortadela,TACO,424,424,Mortadela,268.819989016732,11.9520833333333,5.81591666666666,21.6493333333333,0.0,0,0,0,0,0,0,,,
mortadela,TBCA,2287,C0193F,"Mortadela,",269.0,13.7,0.0,16.6,,0,0,0,0,0,0,,,
mortadela,IBGE,7155,8102601,Mortadela,,,,,,0,0,0,0,0,0,,,
oleo de soja,TACO,272,272,"Óleo, de soja",884.0,0.0,0.0,100.0,0.0,0,0,0,0,0,0,,,
oleo de soja,IBGE,8068,8400301,Óleo de soja,,,,,,0,0,0,0,0,0,,,
pacoca amendoim,TACO,579,579,"Paçoca, amendoim",486.927086464524,15.9958333333333,52.3761666666667,26.0753333333333,7.319,0,0,0,0,0,0,,,
pacoca amendoim,TBCA,3585,C0081K,"Paçoca, amendoim,",494.0,16.0,0.0,26.1,7.32,0,0,0,0,0,0,,,
pao milho forma,TACO,51,51,"Pão, milho, forma",292.01349,8.303,56.397,3.11,4.29666666666667,0,0,0,0,0,0,,,
pao milho forma,TBCA,3936,C0146A,"Pão, milho, forma,",278.0,8.3,0.0,3.11,4.3,0,0,0,0,0,0,,,
pao trigo sovado,TACO,54,54,"Pão, trigo, sovado",310.96494,8.398,61.452,2.84,2.43333333333333,0,0,0,0,0,0,,,
pao trigo sovado,TBCA,882,C0160A,"Pão, trigo, sovado,",300.0,8.4,0.0,2.84,2.43,0,0,0,0,0,0,,,
pe de moleque amendoim,TACO,580,580,"Pé-de-moleque, amendoim",503.190365839956,13.1622400919596,54.730426574707,28.0483333333333,3.39333333333333,0,0,0,0,0,0,,,
pe de moleque amendoim,TBCA,4103,C0082K,"Pé-de-moleque, amendoim,",517.0,13.2,0.0,28.0,3.39,0,0,0,0,0,0,,,
peru congelado cru,TACO,426,426,"Peru, congelado, cru",93.7224338261286,18.0833333333333,0.0,1.83,0.0,0,0,0,0,0,0,,,
peru congelado cru,TBCA,2696,C0198F,"Peru, congelado, cru,",89.0,18.0,0.0,1.83,0.0,0,0,0,0,0,0,,,
pitanga polpa congelada,TACO,248,248,"Pitanga, polpa, congelada",19.1054595023592,0.285416666666667,4.75858333333333,0.121333333333333,0.736666666666667,0,0,0,0,0,0,,,
pitanga polpa congelada,TBCA,4704,C0085C,"Pitanga, polpa, congelada,",20.0,0.29,0.0,0.12,0.74,0,0,0,0,0,0,,,
polvilho doce,TACO,146,146,"Polvilho, doce",351.226733333333,0.43,86.7733333333333,0.0,0.236666666666667,0,0,0,0,0,0,,,
polvilho doce,TBCA,998,C0097B,"Polvilho, doce,",349.0,0.43,0.0,0.0,0.24,0,0,0,0,0,0,,,
queijo minas frescal,TACO,461,461,"Queijo, minas, frescal",264.273128,17.41102,3.24031333333333,20.1806666666667,0.0,0,0,0,0,0,0,,,
queijo minas frescal,TBCA,5518,C0052G,"Queijo, minas, frescal,",243.0,15.9,0.0,18.6,0.0,0,0,0,0,0,0,,,
queijo prato,TACO,467,467,"Queijo, prato",359.880462405055,22.6617604064941,1.87857292683919,29.1063333333333,0.0,0,0,0,0,0,0,,,
queijo prato,TBCA,4094,C0064G,"Queijo, prato,",346.0,24.2,0.0,27.6,,0,0,0,0,0,0,,,
queijo prato,IBGE,6075,7901701,Queijo prato,,,,,,0,0,0,0,0,0,,,
queijo ricota,TACO,469,469,"Queijo, ricota",139.73178,12.6005,3.78616666666667,8.10866666666667,0.0,0,0,0,0,0,0,,,
queijo ricota,TBCA,4497,C0051G,"Queijo, ricota,",139.0,12.6,0.0,8.11,,0,0,0,0,0,0,,,
queijo ricota,IBGE,6121,7902201,Queijo ricota,,,,,,0,0,0,0,0,0,,,
quibebe,TACO,544,544,Quibebe,86.349230299592,8.55625,6.64408333333332,2.672,1.66666666666667,0,0,0,0,0,0,,,
quibebe,IBGE,9007,8506701,Quibebe,,,,,,0,0,0,0,0,0,,,
quindim,TACO,509,509,Quindim,411.348721570849,4.7375,46.2988333333333,24.425,3.22333333333333,0,0,0,0,0,0,,,
quindim,IBGE,2913,6904105,Quindim,,,,,,0,0,0,0,0,0,,,
rapadura,TACO,510,510,Rapadura,351.958122101545,0.989583333333333,90.7924166666667,0.070666666666667,0.0,0,0,0,0,0,0,,,
rapadura,TBCA,741,C0030K,"Rapadura,",368.0,0.67,0.0,0.63,0.0,0,0,0,0,0,0,,,
rapadura,IBGE,2419,6900401,Rapadura,,,,,,0,0,0,0,0,0,,,
sal dietetico,TACO,516,516,"Sal, dietético",0.0,0.0,0.0,0.0,0.0,0,0,0,0,0,0,,,
sal dietetico,TBCA,5020,C0017L,"Sal, dietético,",0.0,0.0,0.0,0.0,,0,0,0,0,0,0,,,
sal grosso,TACO,517,517,"Sal, grosso",0.0,0.0,0.0,0.0,0.0,0,0,0,0,0,0,,,
sal grosso,TBCA,4277,C0018L,"Sal, grosso,",0.0,0.0,0.0,0.0,,0,0,0,0,0,0,,,
salame,TACO,443,443,Salame,397.842506534934,25.8104166666667,2.90625000000001,30.6413333333333,0.0,0,0,0,0,0,0,,,
salame,IBGE,7160,8102701,Salame,,,,,,0,0,0,0,0,0,,,
tacaca,TACO,550,550,Tacacá,46.8891771512032,6.95833333333334,3.39,0.359666666666667,0.213333333333333,0,0,0,0,0,0,,,
tacaca,IBGE,8851,8502401,Tacacá,,,,,,0,0,0,0,0,0,,,
tempero a base de sal,TACO,519,519,Tempero a base de sal,21.33,2.66666666666667,2.07333333333334,0.263333333333333,0.556666666666667,0,0,0,0,0,0,,,
tempero a base de sal,TBCA,1098,C0019L,"Tempero, à base de sal,",21.0,2.67,0.0,0.26,0.56,0,0,0,0,0,0,,,
tomate molho industrializado,TACO,159,159,"Tomate, molho industrializado",38.4465494604906,1.375,7.71166666666668,0.903333333333333,3.11666666666667,0,0,0,0,0,0,,,
tomate molho industrializado,TBCA,913,C0100B,"Tomate, molho, industrializado,",45.0,1.61,0.0,1.06,3.64,0,0,0,0,0,0,,,
umbu polpa congelada,TACO,255,255,"Umbu, polpa, congelada",33.94329,0.5125,8.78683333333333,0.070333333333333,1.33633333333333,0,0,0,0,0,0,,,
umbu polpa congelada,TBCA,3137,C0090C,"Umbu, polpa, congelada,",35.0,0.51,0.0,0.07,1.34,0,0,0,0,0,0,,,
uva suco concentrado envasado,TACO,258,258,"Uva, suco concentrado, envasado",57.65536,0.0,14.708,0.0,0.233333333333333,0,0,0,0,0,0,,,
uva suco concentrado envasado,TBCA,1590,C0102C,"Uva, suco, concentrado, envasado,",58.0,0.0,0.0,0.0,0.23,0,0,0,0,0,0,,,
vaca atolada,TACO,553,553,Vaca atolada,144.89697968479,5.12291666666667,10.0614166666667,9.322,2.34333333333333,0,0,0,0,0,0,,,
vaca atolada,IBGE,9126,8508301,Vaca atolada,,,,,,0,0,0,0,0,0,,,
vatapa,TACO,554,554,Vatapá,254.893285724155,5.99783354918162,9.74849978415172,23.2263333333333,1.69666666666667,0,0,0,0,0,0,,,
vatapa,IBGE,8856,8502801,Vatapá,,,,,,0,0,0,0,0,0,,,
yakisoba,TACO,556,556,Yakisoba,112.802041253408,7.51666666666667,18.2513333333333,2.607,1.05666666666667,0,0,0,0,0,0,,,
yakisoba,IBGE,4942,7701406,Yakisoba,,,,,,0,0,0,0,0,0,,,
algodao doce,TBCA,2677,C0222K,"Algodão, doce,",402.0,0.0,0.0,0.32,0.0,0,0,0,0,0,0,,,
algodao doce,IBGE,3015,6905401,Algodão-doce,,,,,,0,0,0,0,0,0,,,
amendoim caramelizado,TBCA,3364,C0192T,"Amendoim, caramelizado,",568.0,20.7,0.0,38.9,6.75,0,0,0,0,0,0,,,
amendoim caramelizado,IBGE,2851,6903207,Amendoim caramelizado,,,,,,0,0,0,0,0,0,,,
banha suina,TBCA,2160,C0035D,"Banha, suína,",900.0,0.0,0.0,100.0,0.0,0,0,0,0,0,0,,,
banha suina,IBGE,8074,8401801,Banha suína,,,,,,0,0,0,0,0,0,,,
bebida energetica,TBCA,4920,C0143H,"Bebida energética,",43.0,0.46,0.0,0.0,0.0,0,0,0,0,0,0,,,
bebida energetica,IBGE,7728,8205901,Bebida energética,,,,,,0,0,0,0,0,0,,,
bebida cafe infusao 10 c substituto do leite extrato de soja natural meio a meio c acucar,TBCA,1907,C0069H,"Bebida, café - infusão 10%, c/ substituto do leite - extrato de soja, natural (meio a meio), c/ açúcar,",48.0,1.62,0.0,0.79,0.09,0,0,0,0,0,0,,,
bebida cafe infusao 10 c substituto do leite extrato de soja natural meio a meio c acucar,TBCA,756,C0165H,"Bebida, café - infusão 10%, c/ substituto do leite - extrato de soja, natural (meio a meio), c/ açúcar,",50.0,0.47,0.0,0.49,0.14,0,0,0,0,0,0,,,
bebida cha camomila infusao c acucar,TBCA,4401,C0058H,"Bebida, chá, camomila, infusão, c/ açúcar,",25.0,0.02,0.0,0.01,0.0,0,0,0,0,0,0,,,
bebida cha camomila infusao c acucar,TBCA,1263,C0078H,"Bebida, chá, camomila, infusão, c/ açúcar,",25.0,0.02,0.0,0.01,0.0,0,0,0,0,0,0,,,
biscoito doce diet,TBCA,312,C0069N,"Biscoito, doce, diet,",437.0,2.9,0.0,12.5,4.2,0,0,0,0,0,0,,,
biscoito doce diet,IBGE,6843,8010501,Biscoito doce diet,,,,,,0,0,0,0,0,0,,,
biscoito doce light,TBCA,1367,C0072N,"Biscoito, doce, light,",449.0,5.97,0.0,17.9,3.0,0,0,0,0,0,0,,,
biscoito doce light,IBGE,6836,8010401,Biscoito doce light,,,,,,0,0,0,0,0,0,,,
biscoito salgado light,TBCA,4854,C0070N,"Biscoito, salgado,  light,",437.0,9.34,0.0,13.4,3.4,0,0,0,0,0,0,,,
biscoito salgado light,IBGE,6823,8010101,Biscoito salgado light,,,,,,0,0,0,0,0,0,,,
biscoito tipo goiabinha c farinha integral c recheio de goiaba farinha de trigo farinha de trigo integral acucar manteiga ovo casca de limao e goiabada,TBCA,5155,C0973A,"Biscoito, tipo goiabinha, c/ farinha integral, c/ recheio de goiaba, (farinha de trigo, farinha de trigo integral, açúcar, manteiga, ovo, casca de limão e goiabada),",477.0,7.11,0.0,15.4,1.88,0,0,0,0,0,0,,,
biscoito tipo goiabinha c farinha integral c recheio de goiaba farinha de trigo farinha de trigo integral acucar manteiga ovo casca de limao e goiabada,TBCA,3046,C0188K,"Biscoito, tipo goiabinha, c/ farinha integral, c/ recheio de goiaba, (farinha de trigo, farinha de trigo integral, açúcar, manteiga, ovo, casca de limão e goiabada),",477.0,7.11,0.0,15.4,1.88,0,0,0,0,0,0,,,
biscoito tipo goiabinha c recheio de chocolate farinha de trigo acucar manteiga e chocolate ao leite,TBCA,3352,C0189K,"Biscoito, tipo goiabinha, c/ recheio de chocolate, (farinha de trigo, açúcar, manteiga e chocolate ao leite),",475.0,5.97,0.0,22.5,1.33,0,0,0,0,0,0,,,
biscoito tipo goiabinha c recheio de chocolate farinha de trigo acucar manteiga e chocolate ao leite,TBCA,1579,C0974A,"Biscoito, tipo goiabinha, c/ recheio de chocolate, (farinha de trigo, açúcar, manteiga e chocolate ao leite),",475.0,5.97,0.0,22.5,1.33,0,0,0,0,0,0,,,
biscoito tipo goiabinha c recheio de goiaba farinha de trigo acucar manteiga casca de limao e goiabada,TBCA,5516,C0972A,"Biscoito, tipo goiabinha, c/ recheio de goiaba, (farinha de trigo, açúcar, manteiga, casca de limão e goiabada),",418.0,4.65,0.0,14.9,2.2,0,0,0,0,0,0,,,
biscoito tipo goiabinha c recheio de goiaba farinha de trigo acucar manteiga casca de limao e goiabada,TBCA,4271,C0187K,"Biscoito, tipo goiabinha, c/ recheio de goiaba, (farinha de trigo, açúcar, manteiga, casca de limão e goiabada),",418.0,4.65,0.0,14.9,2.2,0,0,0,0,0,0,,,
bolo mistura p preparado media de diferentes sabores,TBCA,38,C0063A,"Bolo, mistura p/, preparado (média de diferentes sabores),",339.0,6.1,0.0,12.9,0.43,0,0,0,0,0,0,,,
bolo mistura p preparado media de diferentes sabores,TBCA,1087,C0076A,"Bolo, mistura p/, preparado (média de diferentes sabores),",343.0,5.28,0.0,13.7,0.97,0,0,0,0,0,0,,,
carne bovina em conserva,TBCA,1718,C0879F,"Carne, bovina, em conserva,",97.0,4.41,0.0,5.53,0.9,0,0,0,0,0,0,,,
carne bovina em conserva,IBGE,4976,7702601,Carne bovina em conserva,,,,,,0,0,0,0,0,0,,,
carne frango coxa e sobrecoxa s pele crua gallus gallus,TBCA,3371,C0125F,"Carne, frango, coxa e sobrecoxa, s/ pele, crua, Gallus gallus,",138.0,17.5,0.0,7.5,0.0,0,0,0,0,0,0,,,
carne frango coxa e sobrecoxa s pele crua gallus gallus,TBCA,1954,C0124F,"Carne, frango, coxa e sobrecoxa, s/ pele, crua, Gallus gallus,",136.0,17.6,0.0,7.33,0.0,0,0,0,0,0,0,,,
couve manteiga refogada c oleo cebola e alho c sal brassica oleracea var acephala,TBCA,669,C0145B,"Couve, manteiga, refogada (c/ óleo, cebola e alho), c/ sal, Brassica oleracea var. Acephala,",83.0,2.03,0.0,6.41,5.59,0,0,0,0,0,0,,,
couve manteiga refogada c oleo cebola e alho c sal brassica oleracea var acephala,TBCA,4287,C0861B,"Couve, manteiga, refogada, c/ óleo, cebola e alho, c/ sal, Brassica oleracea var. Acephala,",92.0,2.07,0.0,7.19,5.43,0,0,0,0,0,0,,,
doce de amendoim diet,TBCA,176,C0063N,"Doce de amendoim, diet,",635.0,24.8,0.0,54.9,7.8,0,0,0,0,0,0,,,
doce de amendoim diet,IBGE,3254,6913101,Doce de amendoim diet,,,,,,0,0,0,0,0,0,,,
doce de leite diet,TBCA,4215,C0077N,"Doce de leite, diet,",197.0,20.9,0.0,1.37,4.03,0,0,0,0,0,0,,,
doce de leite diet,IBGE,3222,6911301,Doce de leite diet,,,,,,0,0,0,0,0,0,,,
flan chocolate em po oetker,TBCA,1415,C0013R,"Flan, chocolate, em pó, Oetker,",392.0,0.32,0.0,0.76,4.5,0,0,0,0,0,0,,,
flan chocolate em po oetker,TBCA,3762,C0012R,"Flan, chocolate, em pó, Oetker,",393.0,1.0,0.0,0.1,1.74,0,0,0,0,0,0,,,
gelatina maracuja em po ducoco,TBCA,3422,C0024R,"Gelatina, maracujá, em pó, Ducoco,",392.0,8.86,0.0,0.0,0.08,0,0,0,0,0,0,,,
gelatina maracuja em po ducoco,TBCA,4531,C0025R,"Gelatina, maracujá, em pó, Ducoco,",392.0,8.86,0.0,0.0,0.08,0,0,0,0,0,0,,,
macarrao trigo c carne bovina musculo salsa pimenta do reino c oleo de soja e alho c sal,TBCA,3114,C1143A,"Macarrão, trigo, c/ carne bovina músculo, salsa, pimenta-do-reino, c/ óleo de soja e alho, c/ sal,",145.0,5.93,0.0,4.66,1.12,0,0,0,0,0,0,,,
macarrao trigo c carne bovina musculo salsa pimenta do reino c oleo de soja e alho c sal,TBCA,929,C1096A,"Macarrão, trigo, c/ carne bovina músculo, salsa, pimenta-do-reino, c/ óleo de soja e alho, c/ sal,",173.0,8.39,0.0,6.61,0.9,0,0,0,0,0,0,,,
mortadela light,TBCA,1887,C0065N,"Mortadela, light,",230.0,11.5,0.0,19.3,0.0,0,0,0,0,0,0,,,
mortadela light,IBGE,7253,8105001,Mortadela light,,,,,,0,0,0,0,0,0,,,
mostarda molho,TBCA,147,C0029L,"Mostarda, molho,",60.0,3.74,0.0,3.34,4.0,0,0,0,0,0,0,,,
mostarda molho,IBGE,3284,7001501,Mostarda molho,,,,,,0,0,0,0,0,0,,,
pao de queijo mistura p hikari,TBCA,3348,C0081R,"Pão de queijo, mistura p/, Hikari,",421.0,3.65,0.0,14.0,,0,0,0,0,0,0,,,
pao de queijo mistura p hikari,TBCA,842,C0045R,"Pão de queijo, mistura p/, Hikari,",421.0,3.65,0.0,14.0,,0,0,0,0,0,0,,,
papa de feijao carioca batata abobora jerimum e cenoura c caldo de frango c cebola e oleo de soja s sal,TBCA,2641,C0325N,"Papa de feijão carioca, batata, abóbora (jerimum) e cenoura, c/ caldo de frango, c/ cebola e óleo de soja, s/ sal,",72.0,2.95,0.0,2.98,4.06,0,0,0,0,0,0,,,
papa de feijao carioca batata abobora jerimum e cenoura c caldo de frango c cebola e oleo de soja s sal,TBCA,1210,C0308N,"Papa de feijão carioca, batata, abóbora (jerimum) e cenoura, c/ caldo de frango, c/ cebola e óleo de soja, s/ sal,",72.0,2.95,0.0,2.98,4.06,0,0,0,0,0,0,,,
papa de feijao carioca macarrao e chicoria c caldo de frango c cebola c oleo de soja c sal,TBCA,1037,C0110N,"Papa de feijão carioca, macarrão e chicória, c/ caldo de frango, c/ cebola, c/ óleo de soja, c/ sal,",82.0,3.33,0.0,2.99,3.87,0,0,0,0,0,0,,,
papa de feijao carioca macarrao e chicoria c caldo de frango c cebola c oleo de soja c sal,TBCA,2913,C0137N,"Papa de feijão carioca, macarrão e chicória, c/ caldo de frango, c/ cebola, c/ óleo de soja, c/ sal,",65.0,3.37,0.0,1.0,3.92,0,0,0,0,0,0,,,
papa de feijao carioca macarrao e chicoria c caldo de frango c cebola c oleo de soja c sal,TBCA,4453,C0111N,"Papa de feijão carioca, macarrão e chicória, c/ caldo de frango, c/ cebola, c/ óleo de soja, c/ sal,",82.0,3.33,0.0,2.99,3.87,0,0,0,0,0,0,,,
papa de feijao carioca macarrao e chicoria c caldo de frango c cebola c oleo de soja s sal,TBCA,4429,C0133N,"Papa de feijão carioca, macarrão e chicória, c/ caldo de frango, c/ cebola, c/ óleo de soja, s/ sal,",82.0,3.33,0.0,2.99,3.88,0,0,0,0,0,0,,,
papa de feijao carioca macarrao e chicoria c caldo de frango c cebola c oleo de soja s sal,TBCA,2974,C0132N,"Papa de feijão carioca, macarrão e chicória, c/ caldo de frango, c/ cebola, c/ óleo de soja, s/ sal,",82.0,3.33,0.0,2.99,3.88,0,0,0,0,0,0,,,
papa de peito de frango e batata baroa mandioquinha batata salsa c caldo de frango c cebola s oleo s sal,TBCA,5268,C0259N,"Papa de peito de frango e batata baroa (mandioquinha, batata salsa), c/ caldo de frango, c/ cebola, s/ óleo, s/ sal,",93.0,13.3,0.0,1.36,0.75,0,0,0,0,0,0,,,
papa de peito de frango e batata baroa mandioquinha batata salsa c caldo de frango c cebola s oleo s sal,TBCA,2810,C0256N,"Papa de peito de frango e batata baroa (mandioquinha, batata salsa), c/ caldo de frango, c/ cebola, s/ óleo, s/ sal,",110.0,13.2,0.0,3.36,0.71,0,0,0,0,0,0,,,
peixe agua doce tambaqui frito c oleo de soja c sal media de cortes e amostras colossoma macropomum,TBCA,1414,C0526E,"Peixe, água doce, Tambaqui, frito (c/ óleo de soja), c/ sal (média de cortes e amostras), Colossoma macropomum,",160.0,24.3,0.0,6.98,0.0,0,0,0,0,0,0,,,
peixe agua doce tambaqui frito c oleo de soja c sal media de cortes e amostras colossoma macropomum,TBCA,933,C0528E,"Peixe, água doce, Tambaqui, frito (c/ óleo de soja), c/ sal (média de cortes e amostras), Colossoma macropomum,",125.0,26.3,0.0,2.17,0.0,0,0,0,0,0,0,,,
queijo cheddar,TBCA,3067,C0090G,"Queijo, cheddar,",404.0,22.9,0.0,33.3,0.0,0,0,0,0,0,0,,,
queijo cheddar,USDA,14,171284,Queijo cheddar,403.0,24.9,1.3,33.1,0.0,0,0,0,0,0,0,,,
queijo gorgonzola,TBCA,2038,C0132G,"Queijo, gorgonzola,",324.0,19.1,0.0,27.1,0.0,0,0,0,0,0,0,,,
queijo gorgonzola,IBGE,6238,7903301,Queijo gorgonzola,,,,,,0,0,0,0,0,0,,,
queijo mucarela light,TBCA,5599,C0074N,"Queijo, muçarela, light,",251.0,24.3,0.0,15.9,0.0,0,0,0,0,0,0,,,
queijo mucarela light,IBGE,6349,7905104,Queijo muçarela light,,,,,,0,0,0,0,0,0,,,
queijo provolone,TBCA,3849,C0057G,"Queijo, provolone,",350.0,25.6,0.0,26.6,0.0,0,0,0,0,0,0,,,
queijo provolone,IBGE,6157,7902501,Queijo provolone,,,,,,0,0,0,0,0,0,,,
queijo ricota light,TBCA,1783,C0075N,"Queijo, ricota, light,",137.0,11.4,0.0,7.91,0.0,0,0,0,0,0,0,,,
queijo ricota light,IBGE,6371,7906201,Queijo ricota light,,,,,,0,0,0,0,0,0,,,
salada alface americana c molho de salada salsa suco de limao azeite de oliva c sal,TBCA,1062,C0593B,"Salada, alface americana, c/ molho de salada - salsa, suco de limão, azeite de oliva, c/ sal,",39.0,0.53,0.0,3.47,1.25,0,0,0,0,0,0,,,
salada alface americana c molho de salada salsa suco de limao azeite de oliva c sal,TBCA,3786,C0594B,"Salada, alface americana, c/ molho de salada - salsa, suco de limão, azeite de oliva, c/ sal,",38.0,0.5,0.0,3.47,1.21,0,0,0,0,0,0,,,
salada cenoura cozida cebola c molho vinagrete tomate cebola salsa vinagre e azeite de oliva s sal,TBCA,5152,C0510B,"Salada, cenoura cozida, cebola, c/ molho vinagrete (tomate, cebola, salsa, vinagre e azeite de oliva), s/ sal,",34.0,0.61,0.0,1.9,1.94,0,0,0,0,0,0,,,
salada cenoura cozida cebola c molho vinagrete tomate cebola salsa vinagre e azeite de oliva s sal,TBCA,2941,C0516B,"Salada, cenoura cozida, cebola, c/ molho vinagrete (tomate, cebola, salsa, vinagre e azeite de oliva), s/ sal,",41.0,0.88,0.0,2.02,1.89,0,0,0,0,0,0,,,
salada legumes cozidos c azeite de oliva c sal batata cenoura chuchu c azeite de oliva c sal,TBCA,4956,C0369B,"Salada, legumes cozidos, c/ azeite de oliva, c/ sal, (batata, cenoura, chuchu, c/ azeite de oliva, c/ sal),",61.0,0.91,0.0,4.91,2.03,0,0,0,0,0,0,,,
salada legumes cozidos c azeite de oliva c sal batata cenoura chuchu c azeite de oliva c sal,TBCA,3305,C0364B,"Salada, legumes cozidos, c/ azeite de oliva, c/ sal, (batata, cenoura, chuchu, c/ azeite de oliva, c/ sal),",69.0,0.75,0.0,4.66,1.6,0,0,0,0,0,0,,,
salada repolho roxo cru c azeite de oliva c sal,TBCA,4738,C0627B,"Salada, repolho roxo cru, c/ azeite de oliva, c/ sal,",73.0,1.15,0.0,5.92,1.58,0,0,0,0,0,0,,,
salada repolho roxo cru c azeite de oliva c sal,TBCA,2564,C1028B,"Salada, repolho roxo, cru, c/ azeite de oliva, c/ sal,",57.0,1.18,0.0,3.74,1.61,0,0,0,0,0,0,,,
sanduiche misto quente pao forma integral c presunto queijo mucarela c maionese,TBCA,793,C0263A,"Sanduíche, misto quente, pão forma integral, c/ presunto, queijo muçarela, c/ maionese,",245.0,13.1,0.0,12.6,2.03,0,0,0,0,0,0,,,
sanduiche misto quente pao forma integral c presunto queijo mucarela c maionese,TBCA,3939,C0261A,"Sanduíche, misto quente, pão forma integral, c/ presunto, queijo muçarela, c/ maionese,",231.0,14.9,0.0,8.46,1.22,0,0,0,0,0,0,,,
sanduiche misto quente pao frances c presunto queijo mucarela c manteiga,TBCA,259,C0265A,"Sanduíche, misto quente, pão francês, c/ presunto, queijo muçarela, c/ manteiga,",276.0,14.2,0.0,15.4,2.2,0,0,0,0,0,0,,,
sanduiche misto quente pao frances c presunto queijo mucarela c manteiga,TBCA,3193,C0268A,"Sanduíche, misto quente, pão francês, c/ presunto, queijo muçarela, c/ manteiga,",298.0,13.9,0.0,15.3,1.09,0,0,0,0,0,0,,,
sanduiche pao forma integral c queijo minas alface americana cenoura crua tomate c maionese,TBCA,2614,C0388A,"Sanduíche, pão forma integral, c/ queijo minas, alface americana, cenoura crua, tomate, c/ maionese,",145.0,7.43,0.0,6.3,2.16,0,0,0,0,0,0,,,
sanduiche pao forma integral c queijo minas alface americana cenoura crua tomate c maionese,TBCA,3052,C0852A,"Sanduíche, pão forma integral, c/ queijo minas, alface americana, cenoura crua, tomate, c/ maionese,",165.0,7.19,0.0,8.61,2.09,0,0,0,0,0,0,,,
sanduiche pao frances c presunto c margarina,TBCA,864,C0308A,"Sanduíche, pão francês, c/ presunto, c/ margarina,",274.0,10.5,0.0,10.6,1.45,0,0,0,0,0,0,,,
sanduiche pao frances c presunto c margarina,TBCA,4197,C0299A,"Sanduíche, pão francês, c/ presunto, c/ margarina,",274.0,10.5,0.0,10.6,1.45,0,0,0,0,0,0,,,
sanduiche pao frances c queijo minas c margarina,TBCA,4882,C0414A,"Sanduíche, pão francês, c/ queijo minas, c/ margarina,",307.0,12.0,0.0,17.0,1.09,0,0,0,0,0,0,,,
sanduiche pao frances c queijo minas c margarina,TBCA,4008,C0316A,"Sanduíche, pão francês, c/ queijo minas, c/ margarina,",297.0,12.0,0.0,15.8,1.09,0,0,0,0,0,0,,,
castanha de caju,USDA,22,170182,Castanha de caju,553.0,18.2,30.2,43.8,3.3,0,0,0,0,0,0,,,
castanha de caju,IBGE,886,6600801,Castanha de caju,,,,,,0,0,0,0,0,0,,,
kiwi,USDA,29,169910,Kiwi,61.0,1.1,14.7,0.5,3.0,0,0,0,0,0,0,,,
kiwi,IBGE,2382,6807801,Kiwi,,,,,,0,0,0,0,0,0,,,
pistache,USDA,23,170184,Pistache,560.0,20.2,27.2,45.3,10.6,0,0,0,0,0,0,,,
pistache,IBGE,956,6602201,Pistache,,,,,,0,0,0,0,0,0,,,
roma,USDA,26,173946,Romã,83.0,1.7,18.7,1.2,4.0,0,0,0,0,0,0,,,
roma,IBGE,2372,6807601,Romã,,,,,,0,0,0,0,0,0,,,
